{
  "tg": {
    "xgb": {
      "pseudo": "0.87256414",
      "orig": 0.8594544150287142
    },
    "lgb": {
      "pseudo": 0.8714777370852085,
      "orig": 0.8603860036709877
    },
    "catboost": {
      "pseudo": 0.8565722471750605,
      "orig": 0.8516919063180888
    },
    "rf": {
      "pseudo": 0.8376857541853748,
      "orig": 0.8350088629704452
    }
  },
  "egc": {
    "xgb": {
      "pseudo": "0.9149746",
      "orig": 0.9066949452458305
    },
    "lgb": {
      "pseudo": 0.9081487580308947,
      "orig": 0.89860354724105
    },
    "catboost": {
      "pseudo": 0.9005174180993276,
      "orig": 0.9021453771630471
    },
    "rf": {
      "pseudo": 0.8614913600344318,
      "orig": 0.8810697014254842
    }
  }
}