{
  "name": "v27 GNNs + v27 trees + v28 trees (FULL HYBRID)",
  "r2": 0.9249851497009788,
  "weights": {
    "v28_lgb": 0.28167016769111625,
    "v28_mlp": 0.022821725309246175,
    "v27_tree_xgb": 0.3092127597114692,
    "v27_tree_catboost": 0.38629534728816856
  }
}