{
  "target": "tg",
  "weights": {
    "catboost": 0.0,
    "lgb": 0.43086616469118544,
    "rf": 5.117434254131581e-17,
    "xgb": 0.5691338353088147
  },
  "val_r2": 0.8789,
  "strategy": "optimize"
}