{
  "target": "egc",
  "weights": {
    "catboost": 0.07024834834931479,
    "lgb": 0.1816581478096169,
    "rf": 6.288372600415926e-18,
    "xgb": 0.7480935038410683
  },
  "val_r2": 0.9157,
  "strategy": "optimize"
}