{
  "target": "tg",
  "weights": {
    "catboost": 0.14285714285714285,
    "gcn": 0.14285714285714285,
    "lgb": 0.14285714285714285,
    "mlp": 0.14285714285714285,
    "multitask": 0.14285714285714285,
    "rf": 0.14285714285714285,
    "xgb": 0.14285714285714285
  },
  "val_r2": 0.8272,
  "strategy": "uniform"
}